{
  "roll_offset": -0.1893665925824971,
  "pitch_offset": 1.3690816000600057,
  "yaw_offset": -2.2690839694656493
}